{
  "dataset_path": "C:\\Users\\user\\Documents\\Codex\\ai-scam-detector\\data\\processed\\transcript\\transcript_dataset.csv",
  "total_samples": 578,
  "train_samples": 462,
  "test_samples": 116,
  "label_distribution": {
    "legitimate": 322,
    "suspicious": 256
  },
  "source_distribution": {
    "Call Transcripts Scam Determinations": 578
  },
  "vectorizer": {
    "type": "TfidfVectorizer",
    "max_features": 20000,
    "ngram_range": [
      1,
      3
    ],
    "stop_words": "english",
    "min_df": 2,
    "max_df": 0.95,
    "sublinear_tf": true,
    "vocabulary_size": 1310
  },
  "recommended_model": "DistilBERT",
  "top_validation_model": "DistilBERT",
  "recommended_f1": 0.8,
  "models": {
    "Naive Bayes": {
      "model": "Naive Bayes",
      "accuracy": 0.8017241379310345,
      "precision": 0.85,
      "recall": 0.6666666666666666,
      "f1": 0.7472527472527473,
      "roc_auc": 0.9119155354449473,
      "training_time_seconds": 0.004366874694824219,
      "prediction_time_seconds": 0.0004492999996728031,
      "prediction_time_ms": 0.003873275859248302,
      "confusion_matrix": [
        [
          59,
          6
        ],
        [
          17,
          34
        ]
      ],
      "true_negative": 59,
      "false_positive": 6,
      "false_negative": 17,
      "true_positive": 34,
      "classification_report": {
        "Legitimate": {
          "precision": 0.7763157894736842,
          "recall": 0.9076923076923077,
          "f1-score": 0.8368794326241135,
          "support": 65.0
        },
        "Suspicious": {
          "precision": 0.85,
          "recall": 0.6666666666666666,
          "f1-score": 0.7472527472527473,
          "support": 51.0
        },
        "accuracy": 0.8017241379310345,
        "macro avg": {
          "precision": 0.8131578947368421,
          "recall": 0.7871794871794872,
          "f1-score": 0.7920660899384304,
          "support": 116.0
        },
        "weighted avg": {
          "precision": 0.8087114337568058,
          "recall": 0.8017241379310345,
          "f1-score": 0.7974745968142887,
          "support": 116.0
        }
      },
      "roc_curve": {
        "fpr": [
          0.0,
          0.0,
          0.0,
          0.015384615384615385,
          0.015384615384615385,
          0.03076923076923077,
          0.03076923076923077,
          0.046153846153846156,
          0.046153846153846156,
          0.06153846153846154,
          0.06153846153846154,
          0.09230769230769231,
          0.09230769230769231,
          0.1076923076923077,
          0.1076923076923077,
          0.12307692307692308,
          0.12307692307692308,
          0.18461538461538463,
          0.18461538461538463,
          0.2153846153846154,
          0.2153846153846154,
          0.23076923076923078,
          0.23076923076923078,
          0.3076923076923077,
          0.3076923076923077,
          0.3230769230769231,
          0.3230769230769231,
          0.36923076923076925,
          0.36923076923076925,
          0.5076923076923077,
          0.5076923076923077,
          0.9692307692307692,
          1.0
        ],
        "tpr": [
          0.0,
          0.0196078431372549,
          0.5490196078431373,
          0.5490196078431373,
          0.5882352941176471,
          0.5882352941176471,
          0.6078431372549019,
          0.6078431372549019,
          0.6274509803921569,
          0.6274509803921569,
          0.6470588235294118,
          0.6470588235294118,
          0.6862745098039216,
          0.6862745098039216,
          0.7254901960784313,
          0.7254901960784313,
          0.7647058823529411,
          0.7647058823529411,
          0.803921568627451,
          0.803921568627451,
          0.8235294117647058,
          0.8235294117647058,
          0.8627450980392157,
          0.8627450980392157,
          0.9215686274509803,
          0.9215686274509803,
          0.9411764705882353,
          0.9411764705882353,
          0.9607843137254902,
          0.9607843137254902,
          1.0,
          1.0,
          1.0
        ]
      },
      "training_seconds": 0.004366874694824219,
      "training_time": 0.004366874694824219
    },
    "SVM": {
      "model": "SVM",
      "accuracy": 0.8189655172413793,
      "precision": 0.8125,
      "recall": 0.7647058823529411,
      "f1": 0.7878787878787878,
      "roc_auc": 0.9085972850678733,
      "training_time_seconds": 0.07836270332336426,
      "prediction_time_seconds": 0.00443489999997837,
      "prediction_time_ms": 0.03823189655153768,
      "confusion_matrix": [
        [
          56,
          9
        ],
        [
          12,
          39
        ]
      ],
      "true_negative": 56,
      "false_positive": 9,
      "false_negative": 12,
      "true_positive": 39,
      "classification_report": {
        "Legitimate": {
          "precision": 0.8235294117647058,
          "recall": 0.8615384615384616,
          "f1-score": 0.8421052631578947,
          "support": 65.0
        },
        "Suspicious": {
          "precision": 0.8125,
          "recall": 0.7647058823529411,
          "f1-score": 0.7878787878787878,
          "support": 51.0
        },
        "accuracy": 0.8189655172413793,
        "macro avg": {
          "precision": 0.8180147058823529,
          "recall": 0.8131221719457014,
          "f1-score": 0.8149920255183413,
          "support": 116.0
        },
        "weighted avg": {
          "precision": 0.8186802738336714,
          "recall": 0.8189655172413793,
          "f1-score": 0.8182643128196667,
          "support": 116.0
        }
      },
      "roc_curve": {
        "fpr": [
          0.0,
          0.0,
          0.0,
          0.015384615384615385,
          0.015384615384615385,
          0.03076923076923077,
          0.03076923076923077,
          0.046153846153846156,
          0.046153846153846156,
          0.12307692307692308,
          0.12307692307692308,
          0.13846153846153847,
          0.13846153846153847,
          0.24615384615384617,
          0.24615384615384617,
          0.2923076923076923,
          0.2923076923076923,
          0.3230769230769231,
          0.3230769230769231,
          0.35384615384615387,
          0.35384615384615387,
          0.36923076923076925,
          0.36923076923076925,
          0.4,
          0.4,
          0.4461538461538462,
          0.4461538461538462,
          0.5846153846153846,
          0.5846153846153846,
          0.9076923076923077,
          0.9384615384615385,
          1.0
        ],
        "tpr": [
          0.0,
          0.0196078431372549,
          0.5686274509803921,
          0.5686274509803921,
          0.5882352941176471,
          0.5882352941176471,
          0.7058823529411765,
          0.7058823529411765,
          0.7254901960784313,
          0.7254901960784313,
          0.7647058823529411,
          0.7647058823529411,
          0.7843137254901961,
          0.7843137254901961,
          0.803921568627451,
          0.803921568627451,
          0.8431372549019608,
          0.8431372549019608,
          0.8627450980392157,
          0.8627450980392157,
          0.9019607843137255,
          0.9019607843137255,
          0.9411764705882353,
          0.9411764705882353,
          0.9607843137254902,
          0.9607843137254902,
          0.9803921568627451,
          0.9803921568627451,
          1.0,
          1.0,
          1.0,
          1.0
        ]
      },
      "training_seconds": 0.07836270332336426,
      "training_time": 0.07836270332336426
    },
    "DistilBERT": {
      "model": "DistilBERT",
      "accuracy": 0.8362068965517241,
      "precision": 0.8636363636363636,
      "recall": 0.7450980392156863,
      "f1": 0.8,
      "roc_auc": 0.9128205128205129,
      "training_time_seconds": 590.2117592999984,
      "prediction_time_seconds": 37.40865910000139,
      "prediction_time_ms": 322.48844051725337,