{
  "dataset_path": "C:\\Users\\user\\Documents\\Codex\\ai-scam-detector\\data\\processed\\transcript\\transcript_dataset.csv",
  "total_samples": 821,
  "train_samples": 656,
  "test_samples": 165,
  "label_distribution": {
    "legitimate": 345,
    "suspicious": 476
  },
  "source_distribution": {
    "Call Transcripts Scam Determinations": 578,
    "YouTube Scam Phone Call Transcripts": 243
  },
  "vectorizer": {
    "type": "TfidfVectorizer",
    "max_features": 20000,
    "ngram_range": [
      1,
      3
    ],
    "stop_words": "english",
    "min_df": 2,
    "max_df": 0.95,
    "sublinear_tf": true,
    "vocabulary_size": 3714
  },
  "top_validation_model": "XGBoost",
  "best_model": "XGBoost",
  "best_f1": 0.8601036269430051,
  "models": {
    "Naive Bayes": {
      "model": "Naive Bayes",
      "accuracy": 0.8181818181818182,
      "precision": 0.8586956521739131,
      "recall": 0.8229166666666666,
      "f1": 0.8404255319148937,
      "roc_auc": 0.9080615942028986,
      "confusion_matrix": [
        [
          56,
          13
        ],
        [
          17,
          79
        ]
      ],
      "classification_report": {
        "Legitimate": {
          "precision": 0.7671232876712328,
          "recall": 0.8115942028985508,
          "f1-score": 0.7887323943661971,
          "support": 69.0
        },
        "Suspicious": {
          "precision": 0.8586956521739131,
          "recall": 0.8229166666666666,
          "f1-score": 0.8404255319148937,
          "support": 96.0
        },
        "accuracy": 0.8181818181818182,
        "macro avg": {
          "precision": 0.812909469922573,
          "recall": 0.8172554347826086,
          "f1-score": 0.8145789631405453,
          "support": 165.0
        },
        "weighted avg": {
          "precision": 0.8204017542909741,
          "recall": 0.8181818181818182,
          "f1-score": 0.8188084016672569,
          "support": 165.0
        }
      },
      "roc_curve": {
        "fpr": [
          0.0,
          0.0,
          0.0,
          0.014492753623188406,
          0.014492753623188406,
          0.028985507246376812,
          0.028985507246376812,
          0.043478260869565216,
          0.043478260869565216,
          0.057971014492753624,
          0.057971014492753624,
          0.07246376811594203,
          0.07246376811594203,
          0.08695652173913043,
          0.08695652173913043,
          0.10144927536231885,
          0.10144927536231885,
          0.11594202898550725,
          0.11594202898550725,
          0.14492753623188406,
          0.14492753623188406,
          0.17391304347826086,
          0.17391304347826086,
          0.18840579710144928,
          0.18840579710144928,
          0.2318840579710145,
          0.2318840579710145,
          0.3333333333333333,
          0.3333333333333333,
          0.391304347826087,
          0.391304347826087,
          0.42028985507246375,
          0.42028985507246375,
          0.4782608695652174,
          0.4782608695652174,
          0.5072463768115942,
          0.5072463768115942,
          0.5797101449275363,
          0.5797101449275363,
          0.6231884057971014,
          0.6231884057971014,
          0.6521739130434783,
          0.6521739130434783,
          0.6666666666666666,
          0.6666666666666666,
          0.855072463768116,
          0.8840579710144928,
          1.0
        ],
        "tpr": [
          0.0,
          0.010416666666666666,
          0.5625,
          0.5625,
          0.6354166666666666,
          0.6354166666666666,
          0.6770833333333334,
          0.6770833333333334,
          0.6875,
          0.6875,
          0.6979166666666666,
          0.6979166666666666,
          0.71875,
          0.71875,
          0.75,
          0.75,
          0.7708333333333334,
          0.7708333333333334,
          0.78125,
          0.78125,
          0.7916666666666666,
          0.7916666666666666,
          0.8125,
          0.8125,
          0.8333333333333334,
          0.8333333333333334,
          0.8645833333333334,
          0.8645833333333334,
          0.875,
          0.875,
          0.9270833333333334,
          0.9270833333333334,
          0.9375,
          0.9375,
          0.9479166666666666,
          0.9479166666666666,
          0.9583333333333334,
          0.9583333333333334,
          0.96875,
          0.96875,
          0.9791666666666666,
          0.9791666666666666,
          0.9895833333333334,
          0.9895833333333334,
          1.0,
          1.0,
          1.0,
          1.0
        ]
      },
      "training_seconds": 0.01268625259399414,
      "training_time_seconds": 0.01268625259399414,
      "training_time": 0.01268625259399414
    },
    "Decision Tree": {
      "model": "Decision Tree",
      "accuracy": 0.793939393939394,
      "precision": 0.8875,
      "recall": 0.7395833333333334,
      "f1": 0.8068181818181818,
      "roc_auc": 0.8907759661835749,
      "confusion_matrix": [
        [
          60,
          9
        ],
        [
          25,
          71
        ]
      ],
      "classification_report": {
        "Legitimate": {
          "precision": 0.7058823529411765,
          "recall": 0.8695652173913043,
          "f1-score": 0.7792207792207793,
          "support": 69.0
        },
        "Suspicious": {
          "precision": 0.8875,
          "recall": 0.7395833333333334,
          "f1-score": 0.8068181818181818,
          "support": 96.0
        },
        "accuracy": 0.793939393939394,
        "macro avg": {
          "precision": 0.7966911764705882,
          "recall": 0.8045742753623188,
          "f1-score": 0.7930194805194806,
          "support": 165.0
        },
        "weighted avg": {
          "precision": 0.8115508021390374,
          "recall": 0.793939393939394,
          "f1-score": 0.7952774498229043,
          "support": 165.0
        }
      },
      "roc_curve": {
        "fpr": [
          0.0,
          0.0,
          0.0,
          0.0,
          0.0,
          0.014492753623188406,
          0.014492753623188406,
          0.043478260869565216,
          0.07246376811594203,
          0.08695652173913043,
          0.08695652173913043,
          0.08695652173913043,
          0.13043478260869565,
          0.37681159420289856,
          0.5072463768115942,
          0.5217391304347826,
          0.5652173913043478,
          0.5797101449275363,
          0.5942028985507246,
          0.6666666666666666,
          0.6811594202898551,
          0.9130434782608695,
          1.0
        ],
        "tpr": [
          0.0,
          0.34375,
          0.40625,
          0.4270833333333333,
          0.5,
          0.5,
          0.5625,
          0.6041666666666666,
          0.625,
          0.6458333333333334,
          0.6770833333333334,
          0.6979166666666666,
          0.7395833333333334,
          0.90625,
          0.9479166666666666,
          0.9479166666666666,
          0.9479166666666666,
          0.9791666666666666,
          0.9791666666666666,
          0.9791666666666666,
          0.9791666666666666,
          1.0,
          1.0
        ]
      },
      "training_seconds": 0.24025416374206543,
      "training_time_seconds": 0.24025416374206543,
      "training_time": 0.24025416374206543
    },
    "SVM": {
      "model": "SVM",
      "accuracy": 0.8363636363636363,
      "precision": 0.8876404494382022,
      "recall": 0.8229166666666666,
      "f1": 0.8540540540540541,
      "roc_auc": 0.9104770531400966,
      "confusion_matrix": [
        [
          59,
          10
        ],
        [
          17,
          79
        ]
      ],
      "classification_report": {
        "Legitimate": {
          "precision": 0.7763157894736842,
          "recall": 0.855072463768116,
          "f1-score": 0.8137931034482758,
          "support": 69.0
        },
        "Suspicious": {
          "precision": 0.8876404494382022,
          "recall": 0.8229166666666666,